text,label
Your college portal timetable has been updated. Please sign in through the official college portal.,safe
Your library book is due next week. Please check your library account.,safe
Your bank statement is available in your secure banking app.,safe
Your course registration window opens tomorrow. Check the student portal for details.,safe
Your parcel is scheduled for delivery today. Track it through the official courier app.,safe
The university has published the semester examination schedule.,safe
Your monthly electricity bill is available in the official customer portal.,safe
Your team meeting is scheduled for 10 AM tomorrow.,safe
Your internship application status has been updated on the company careers portal.,safe
"Your password was changed successfully. If this was you, no action is needed.",safe
Your college portal timetable has been updated. Please sign in through the official college portal.,safe
Your library book is due next week. Please check your library account.,safe
Your bank statement is available in your secure banking app.,safe
Your course registration window opens tomorrow. Check the student portal for details.,safe
Your parcel is scheduled for delivery today. Track it through the official courier app.,safe
The university has published the semester examination schedule.,safe
Your monthly electricity bill is available in the official customer portal.,safe
Your team meeting is scheduled for 10 AM tomorrow.,safe
Your internship application status has been updated on the company careers portal.,safe
"Your password was changed successfully. If this was you, no action is needed.",safe
Your college portal timetable has been updated. Please sign in through the official college portal.,safe
Your library book is due next week. Please check your library account.,safe
Your bank statement is available in your secure banking app.,safe
Your course registration window opens tomorrow. Check the student portal for details.,safe
Your parcel is scheduled for delivery today. Track it through the official courier app.,safe
The university has published the semester examination schedule.,safe
Your monthly electricity bill is available in the official customer portal.,safe
Your team meeting is scheduled for 10 AM tomorrow.,safe
Your internship application status has been updated on the company careers portal.,safe
"Your password was changed successfully. If this was you, no action is needed.",safe
Your college portal timetable has been updated. Please sign in through the official college portal.,safe
Your library book is due next week. Please check your library account.,safe
Your bank statement is available in your secure banking app.,safe
Your course registration window opens tomorrow. Check the student portal for details.,safe
Your parcel is scheduled for delivery today. Track it through the official courier app.,safe
The university has published the semester examination schedule.,safe
Your monthly electricity bill is available in the official customer portal.,safe
Your team meeting is scheduled for 10 AM tomorrow.,safe
Your internship application status has been updated on the company careers portal.,safe
"Your password was changed successfully. If this was you, no action is needed.",safe
Your college portal timetable has been updated. Please sign in through the official college portal.,safe
Your library book is due next week. Please check your library account.,safe
Your bank statement is available in your secure banking app.,safe
Your course registration window opens tomorrow. Check the student portal for details.,safe
Your parcel is scheduled for delivery today. Track it through the official courier app.,safe
The university has published the semester examination schedule.,safe
Your monthly electricity bill is available in the official customer portal.,safe
Your team meeting is scheduled for 10 AM tomorrow.,safe
Your internship application status has been updated on the company careers portal.,safe
"Your password was changed successfully. If this was you, no action is needed.",safe
Your college portal timetable has been updated. Please sign in through the official college portal.,safe
Your library book is due next week. Please check your library account.,safe
Your bank statement is available in your secure banking app.,safe
Your course registration window opens tomorrow. Check the student portal for details.,safe
Your parcel is scheduled for delivery today. Track it through the official courier app.,safe
The university has published the semester examination schedule.,safe
Your monthly electricity bill is available in the official customer portal.,safe
Your team meeting is scheduled for 10 AM tomorrow.,safe
Your internship application status has been updated on the company careers portal.,safe
"Your password was changed successfully. If this was you, no action is needed.",safe
Your college portal timetable has been updated. Please sign in through the official college portal.,safe
Your library book is due next week. Please check your library account.,safe
Your bank statement is available in your secure banking app.,safe
Your course registration window opens tomorrow. Check the student portal for details.,safe
Your parcel is scheduled for delivery today. Track it through the official courier app.,safe
The university has published the semester examination schedule.,safe
Your monthly electricity bill is available in the official customer portal.,safe
Your team meeting is scheduled for 10 AM tomorrow.,safe
Your internship application status has been updated on the company careers portal.,safe
"Your password was changed successfully. If this was you, no action is needed.",safe
Your college portal timetable has been updated. Please sign in through the official college portal.,safe
Your library book is due next week. Please check your library account.,safe
Your bank statement is available in your secure banking app.,safe
Your course registration window opens tomorrow. Check the student portal for details.,safe
Your parcel is scheduled for delivery today. Track it through the official courier app.,safe
The university has published the semester examination schedule.,safe
Your monthly electricity bill is available in the official customer portal.,safe
Your team meeting is scheduled for 10 AM tomorrow.,safe
Your internship application status has been updated on the company careers portal.,safe
"Your password was changed successfully. If this was you, no action is needed.",safe
Your college portal timetable has been updated. Please sign in through the official college portal.,safe
Your library book is due next week. Please check your library account.,safe
Your bank statement is available in your secure banking app.,safe
Your course registration window opens tomorrow. Check the student portal for details.,safe
Your parcel is scheduled for delivery today. Track it through the official courier app.,safe
The university has published the semester examination schedule.,safe
Your monthly electricity bill is available in the official customer portal.,safe
Your team meeting is scheduled for 10 AM tomorrow.,safe
Your internship application status has been updated on the company careers portal.,safe
"Your password was changed successfully. If this was you, no action is needed.",safe
Your college portal timetable has been updated. Please sign in through the official college portal.,safe
Your library book is due next week. Please check your library account.,safe
Your bank statement is available in your secure banking app.,safe
Your course registration window opens tomorrow. Check the student portal for details.,safe
Your parcel is scheduled for delivery today. Track it through the official courier app.,safe
The university has published the semester examination schedule.,safe
Your monthly electricity bill is available in the official customer portal.,safe
Your team meeting is scheduled for 10 AM tomorrow.,safe
Your internship application status has been updated on the company careers portal.,safe
"Your password was changed successfully. If this was you, no action is needed.",safe
Urgent! Your account will be suspended today. Verify your password immediately.,suspicious
You have won a reward. Click the link and provide your banking details to claim it.,suspicious
Your payment failed. Confirm your card details now to avoid account closure.,suspicious
Security alert! Verify your login immediately or your account will be blocked.,suspicious
Congratulations! You were selected for a cash prize. Submit your personal details now.,suspicious
Your package is held. Confirm your address and payment information immediately.,suspicious
Your email storage is full. Sign in now to prevent account deactivation.,suspicious
Final warning! Your account requires immediate verification.,suspicious
You received a refund. Provide your account information to receive the money.,suspicious
Your document is ready. Enter your login password to access it.,suspicious
Urgent! Your account will be suspended today. Verify your password immediately.,suspicious
You have won a reward. Click the link and provide your banking details to claim it.,suspicious
Your payment failed. Confirm your card details now to avoid account closure.,suspicious
Security alert! Verify your login immediately or your account will be blocked.,suspicious
Congratulations! You were selected for a cash prize. Submit your personal details now.,suspicious
Your package is held. Confirm your address and payment information immediately.,suspicious
Your email storage is full. Sign in now to prevent account deactivation.,suspicious
Final warning! Your account requires immediate verification.,suspicious
You received a refund. Provide your account information to receive the money.,suspicious
Your document is ready. Enter your login password to access it.,suspicious
Urgent! Your account will be suspended today. Verify your password immediately.,suspicious
You have won a reward. Click the link and provide your banking details to claim it.,suspicious
Your payment failed. Confirm your card details now to avoid account closure.,suspicious
Security alert! Verify your login immediately or your account will be blocked.,suspicious
Congratulations! You were selected for a cash prize. Submit your personal details now.,suspicious
Your package is held. Confirm your address and payment information immediately.,suspicious
Your email storage is full. Sign in now to prevent account deactivation.,suspicious
Final warning! Your account requires immediate verification.,suspicious
You received a refund. Provide your account information to receive the money.,suspicious
Your document is ready. Enter your login password to access it.,suspicious
Urgent! Your account will be suspended today. Verify your password immediately.,suspicious
You have won a reward. Click the link and provide your banking details to claim it.,suspicious
Your payment failed. Confirm your card details now to avoid account closure.,suspicious
Security alert! Verify your login immediately or your account will be blocked.,suspicious
Congratulations! You were selected for a cash prize. Submit your personal details now.,suspicious
Your package is held. Confirm your address and payment information immediately.,suspicious
Your email storage is full. Sign in now to prevent account deactivation.,suspicious
Final warning! Your account requires immediate verification.,suspicious
You received a refund. Provide your account information to receive the money.,suspicious
Your document is ready. Enter your login password to access it.,suspicious
Urgent! Your account will be suspended today. Verify your password immediately.,suspicious
You have won a reward. Click the link and provide your banking details to claim it.,suspicious
Your payment failed. Confirm your card details now to avoid account closure.,suspicious
Security alert! Verify your login immediately or your account will be blocked.,suspicious
Congratulations! You were selected for a cash prize. Submit your personal details now.,suspicious
Your package is held. Confirm your address and payment information immediately.,suspicious
Your email storage is full. Sign in now to prevent account deactivation.,suspicious
Final warning! Your account requires immediate verification.,suspicious
You received a refund. Provide your account information to receive the money.,suspicious
Your document is ready. Enter your login password to access it.,suspicious
Urgent! Your account will be suspended today. Verify your password immediately.,suspicious
You have won a reward. Click the link and provide your banking details to claim it.,suspicious
Your payment failed. Confirm your card details now to avoid account closure.,suspicious
Security alert! Verify your login immediately or your account will be blocked.,suspicious
Congratulations! You were selected for a cash prize. Submit your personal details now.,suspicious
Your package is held. Confirm your address and payment information immediately.,suspicious
Your email storage is full. Sign in now to prevent account deactivation.,suspicious
Final warning! Your account requires immediate verification.,suspicious
You received a refund. Provide your account information to receive the money.,suspicious
Your document is ready. Enter your login password to access it.,suspicious
Urgent! Your account will be suspended today. Verify your password immediately.,suspicious
You have won a reward. Click the link and provide your banking details to claim it.,suspicious
Your payment failed. Confirm your card details now to avoid account closure.,suspicious
Security alert! Verify your login immediately or your account will be blocked.,suspicious
Congratulations! You were selected for a cash prize. Submit your personal details now.,suspicious
Your package is held. Confirm your address and payment information immediately.,suspicious
Your email storage is full. Sign in now to prevent account deactivation.,suspicious
Final warning! Your account requires immediate verification.,suspicious
You received a refund. Provide your account information to receive the money.,suspicious
Your document is ready. Enter your login password to access it.,suspicious
Urgent! Your account will be suspended today. Verify your password immediately.,suspicious
You have won a reward. Click the link and provide your banking details to claim it.,suspicious
Your payment failed. Confirm your card details now to avoid account closure.,suspicious
Security alert! Verify your login immediately or your account will be blocked.,suspicious
Congratulations! You were selected for a cash prize. Submit your personal details now.,suspicious
Your package is held. Confirm your address and payment information immediately.,suspicious
Your email storage is full. Sign in now to prevent account deactivation.,suspicious
Final warning! Your account requires immediate verification.,suspicious
You received a refund. Provide your account information to receive the money.,suspicious
Your document is ready. Enter your login password to access it.,suspicious
Urgent! Your account will be suspended today. Verify your password immediately.,suspicious
You have won a reward. Click the link and provide your banking details to claim it.,suspicious
Your payment failed. Confirm your card details now to avoid account closure.,suspicious
Security alert! Verify your login immediately or your account will be blocked.,suspicious
Congratulations! You were selected for a cash prize. Submit your personal details now.,suspicious
Your package is held. Confirm your address and payment information immediately.,suspicious
Your email storage is full. Sign in now to prevent account deactivation.,suspicious
Final warning! Your account requires immediate verification.,suspicious
You received a refund. Provide your account information to receive the money.,suspicious
Your document is ready. Enter your login password to access it.,suspicious
Urgent! Your account will be suspended today. Verify your password immediately.,suspicious
You have won a reward. Click the link and provide your banking details to claim it.,suspicious
Your payment failed. Confirm your card details now to avoid account closure.,suspicious
Security alert! Verify your login immediately or your account will be blocked.,suspicious
Congratulations! You were selected for a cash prize. Submit your personal details now.,suspicious
Your package is held. Confirm your address and payment information immediately.,suspicious
Your email storage is full. Sign in now to prevent account deactivation.,suspicious
Final warning! Your account requires immediate verification.,suspicious
You received a refund. Provide your account information to receive the money.,suspicious
Your document is ready. Enter your login password to access it.,suspicious
